[{"pk": 1, "model": "vote.ballot", "fields": {"display_position": 1, "title": "Who's the best?", "vote_type": 0, "can_write_in": false, "is_secret": false, "can_abstain": true, "measure": 1, "number_to_select": null, "blurb": "Art party vinyl Austin, bushwick farm-to-table williamsburg letterpress pickled DIY thundercats. Synth four loko ennui vice farm-to-table, brooklyn butcher truffaut swag brunch PBR. Skateboard vice readymade godard cosby sweater. \r\n\r\nBiodiesel freegan craft beer odd future polaroid high life, kale chips pinterest messenger bag pickled tattooed scenester marfa wes anderson."}}, {"pk": 2, "model": "vote.ballot", "fields": {"display_position": 3, "title": "Rank the following?", "vote_type": 1, "can_write_in": false, "is_secret": false, "can_abstain": true, "measure": 1, "number_to_select": null, "blurb": "Art party vinyl Austin, bushwick farm-to-table williamsburg letterpress pickled DIY thundercats. \r\n\r\nSynth four loko ennui vice farm-to-table, brooklyn butcher truffaut swag brunch PBR. Skateboard vice readymade godard cosby sweater. \r\n\r\nBiodiesel freegan craft beer odd future polaroid high life, kale chips pinterest messenger bag pickled tattooed scenester marfa wes anderson."}}, {"pk": 3, "model": "vote.ballot", "fields": {"display_position": 2, "title": "Who would you save, if you had to choose?", "vote_type": 2, "can_write_in": false, "is_secret": false, "can_abstain": false, "measure": 1, "number_to_select": 3, "blurb": "Art party vinyl Austin, bushwick farm-to-table williamsburg letterpress pickled DIY thundercats. Synth four loko ennui vice farm-to-table, brooklyn butcher truffaut swag brunch PBR. \r\n\r\nSkateboard vice readymade godard cosby sweater. Biodiesel freegan craft beer odd future polaroid high life, kale chips pinterest messenger bag pickled tattooed scenester marfa wes anderson."}}, {"pk": 4, "model": "vote.ballot", "fields": {"display_position": 2, "title": "Ballot Green", "vote_type": 0, "can_write_in": true, "is_secret": false, "can_abstain": true, "measure": 2, "number_to_select": null, "blurb": "#### Simulate an election with person candidates here.\r\n\r\nBallots that involve Users as the candidates are currently the most annoying to set up, from an administrative standpoint (from an end-user perspective, it's totally painless.): they require two additional steps, which link the candidate on the ballot to the account of the user."}}, {"pk": 5, "model": "vote.ballot", "fields": {"display_position": 3, "title": "Ballot Red", "vote_type": 2, "can_write_in": false, "is_secret": false, "can_abstain": false, "measure": 2, "number_to_select": 4, "blurb": "#### I don't know why you would use this, but it's nice to have.\r\n"}}, {"pk": 6, "model": "vote.ballot", "fields": {"display_position": 1, "title": "Ballot Purple", "vote_type": 0, "can_write_in": false, "is_secret": false, "can_abstain": true, "measure": 2, "number_to_select": null, "blurb": "#### Simulate an election with non-person candidates here.\r\n"}}, {"pk": 7, "model": "vote.ballot", "fields": {"display_position": 4, "title": "Ballot Zed", "vote_type": 1, "can_write_in": false, "is_secret": false, "can_abstain": true, "measure": 2, "number_to_select": null, "blurb": "#### Again, don't know what you'd use this for, but you definitely can use it."}}, {"pk": 1, "model": "vote.measure", "fields": {"name": "Test Measure", "vote_end": "2012-08-14T02:36:01Z", "vote_start": "2012-08-12T21:21:11Z", "banned_accounts": [], "summary": "Art party vinyl Austin, bushwick farm-to-table williamsburg letterpress pickled DIY thundercats. Synth four loko ennui vice farm-to-table, brooklyn butcher truffaut swag brunch PBR. Skateboard vice readymade godard cosby sweater. Biodiesel freegan craft beer odd future polaroid high life, kale chips pinterest messenger bag pickled tattooed scenester marfa wes anderson. Forage lo-fi banh mi pickled, selvage biodiesel bespoke fap helvetica raw denim vinyl. Squid truffaut master cleanse brooklyn, typewriter american apparel cliche keffiyeh tofu sriracha pop-up next level flexitarian Austin. Umami photo booth american apparel banh mi fap helvetica.\r\n\r\nCosby sweater helvetica mustache +1 biodiesel lomo. Squid photo booth 8-bit, swag skateboard cardigan +1 aesthetic wes anderson butcher blog cray ethical umami. Messenger bag 3 wolf moon tofu artisan raw denim. Terry richardson pour-over carles, beard authentic ennui truffaut craft beer fap street art. \r\n\r\nCraft beer cliche squid bespoke quinoa, marfa leggings chillwave +1 tofu small batch vinyl master cleanse. Next level ethnic four loko echo park. Tumblr food truck seitan banh mi pork belly godard pinterest artisan truffaut, viral stumptown +1 sartorial PBR.", "real_type": null, "is_open": true, "quorum": 50}}, {"pk": 2, "model": "vote.measure", "fields": {"name": "Test Measure 2", "vote_end": null, "vote_start": "2012-08-14T05:08:07Z", "banned_accounts": [], "summary": "* #### Measures can be scheduled.\r\n\r\n    A measure needn't be ready immediately; feel free to set its vote-start date to any time you like. If all else fails, you can toggle its vote-ability with the <code>is_open</code> flag.\r\n\r\n* #### Measures require a description of some sort.\r\n\r\n    This is negotiable, but I think it's good policy to be able to motivate the need for a measure.\r\n\r\n* #### Measures can be restricted to certain dorms, certain classes, and can ban specific users.\r\n\r\n    But they don't have to. By default, all measures are open to the entire student body - and closed to anyone who isn't _currently_ attending Mudd.\r\n\r\n*  #### Measures will automatically close the midnight after they reach whatever quorum is set for them.\r\n\r\n    This is a nice feature, I think - though chronically late voters may learn new habits the hard way.\r\n\r\n* #### You can rearrange the position of the ballots.\r\n  It's easy! You just type in some new numbers, and press 'save'.\r\n\r\n* #### Votes can be anonymous by default\r\n\r\n    Or, not. Currently, there is no 'gradient' of anonymity; a vote in a ballot is either tied to a user, or not at all tied to a user. This means that anonymous ballots won't be able to generate as many stats as non-anonymous ballots.\r\n\r\n    In a future release, there will be non-identifying metadata associated with a vote, in addition to a user, so that anonymous votes can still be demographically interesting.", "real_type": null, "is_open": true, "quorum": 50}}, {"pk": 1, "model": "vote.restrictions", "fields": {"restricted_to": 1, "dorms": [], "gradyears": []}}, {"pk": 2, "model": "vote.restrictions", "fields": {"restricted_to": 2, "dorms": [], "gradyears": []}}, {"pk": 1, "model": "vote.vote", "fields": {"account": 1, "measure": 1}}, {"pk": 1, "model": "vote.popularityvote", "fields": {"vote": 1, "ballot": 1, "write_in_value": null, "candidate": 1}}, {"pk": 2, "model": "vote.popularityvote", "fields": {"vote": 1, "ballot": 3, "write_in_value": null, "candidate": 8}}, {"pk": 3, "model": "vote.popularityvote", "fields": {"vote": 1, "ballot": 3, "write_in_value": null, "candidate": 9}}, {"pk": 4, "model": "vote.popularityvote", "fields": {"vote": 1, "ballot": 3, "write_in_value": null, "candidate": 10}}, {"pk": 1, "model": "vote.preferentialvote", "fields": {"vote": 1, "amount": 1, "ballot": 2, "candidate": 5}}, {"pk": 2, "model": "vote.preferentialvote", "fields": {"vote": 1, "amount": 2, "ballot": 2, "candidate": 6}}, {"pk": 3, "model": "vote.preferentialvote", "fields": {"vote": 1, "amount": 3, "ballot": 2, "candidate": 4}}, {"pk": 1, "model": "vote.candidate", "fields": {"real_type": 41, "ballot": 1, "description": "", "title": "Siri"}}, {"pk": 2, "model": "vote.candidate", "fields": {"real_type": 41, "ballot": 1, "description": "", "title": "Tor"}}, {"pk": 3, "model": "vote.candidate", "fields": {"real_type": 41, "ballot": 1, "description": "", "title": "Haak"}}, {"pk": 4, "model": "vote.candidate", "fields": {"real_type": 41, "ballot": 2, "description": "", "title": "Jesus"}}, {"pk": 5, "model": "vote.candidate", "fields": {"real_type": 41, "ballot": 2, "description": "", "title": "Mohammad"}}, {"pk": 6, "model": "vote.candidate", "fields": {"real_type": 41, "ballot": 2, "description": "", "title": "Ali"}}, {"pk": 7, "model": "vote.candidate", "fields": {"real_type": 41, "ballot": 3, "description": "", "title": "Froggy"}}, {"pk": 8, "model": "vote.candidate", "fields": {"real_type": 41, "ballot": 3, "description": "", "title": "Sylvie"}}, {"pk": 9, "model": "vote.candidate", "fields": {"real_type": 41, "ballot": 3, "description": "", "title": "Jasmine"}}, {"pk": 10, "model": "vote.candidate", "fields": {"real_type": 41, "ballot": 3, "description": "", "title": "Kisses"}}, {"pk": 11, "model": "vote.candidate", "fields": {"real_type": 41, "ballot": 6, "description": "A proposal explaining the pros/cons of this option.", "title": "Amendment 1"}}, {"pk": 12, "model": "vote.candidate", "fields": {"real_type": 41, "ballot": 6, "description": "Similarly, more explanation here.", "title": "Amendment 2"}}, {"pk": 13, "model": "vote.candidate", "fields": {"real_type": 41, "ballot": 6, "description": "And here.", "title": "Amendment 3"}}, {"pk": 14, "model": "vote.candidate", "fields": {"real_type": 41, "ballot": 6, "description": "etc.", "title": "and so on..."}}, {"pk": 15, "model": "vote.candidate", "fields": {"real_type": 41, "ballot": 5, "description": "You don't need to provide a description, as the candidate below has discovered:", "title": "A non-user candidate with description"}}, {"pk": 16, "model": "vote.candidate", "fields": {"real_type": 41, "ballot": 5, "description": "", "title": "A non-user candidate without description"}}, {"pk": 17, "model": "vote.candidate", "fields": {"real_type": 41, "ballot": 5, "description": "The Select X type allows you to specify a maxmimum number of choices each user can make.", "title": "candidate (non-user)"}}, {"pk": 18, "model": "vote.candidate", "fields": {"real_type": 41, "ballot": 5, "description": "Usually, you'll want this to be a smaller numer than the number of candidates on the ballot.", "title": "candidate non-user again"}}, {"pk": 19, "model": "vote.candidate", "fields": {"real_type": 41, "ballot": 5, "description": "Otherwise, you could end up with an awkward election that didn't narrow anybody out.", "title": "the black sheep candidate"}}, {"pk": 20, "model": "vote.candidate", "fields": {"real_type": 41, "ballot": 7, "description": "And, of course, descriptions can be provided if desired.", "title": "A good choice"}}, {"pk": 21, "model": "vote.candidate", "fields": {"real_type": 41, "ballot": 7, "description": "", "title": "Another good choice"}}, {"pk": 22, "model": "vote.candidate", "fields": {"real_type": 41, "ballot": 7, "description": "", "title": "A worse choice"}}, {"pk": 23, "model": "vote.candidate", "fields": {"real_type": 42, "ballot": 4, "description": "Here's a candidate description that comes from a PersonCandidate, rather than a plain-old Candidate.", "title": "Haakon Saxberg"}}, {"pk": 24, "model": "vote.candidate", "fields": {"real_type": 42, "ballot": 4, "description": "You can have multiple users in one candidate, which is useful for running as co-(presidents|vice-presidents|etc).", "title": "Josiah Gaskin, Jessica Hester"}}, {"pk": 23, "model": "vote.personcandidate", "fields": {}}, {"pk": 24, "model": "vote.personcandidate", "fields": {}}, {"pk": 1, "model": "vote.candidateuser", "fields": {"user": 1, "person_candidate": 23}}, {"pk": 2, "model": "vote.candidateuser", "fields": {"user": 265, "person_candidate": 24}}, {"pk": 3, "model": "vote.candidateuser", "fields": {"user": 278, "person_candidate": 24}}]